{"accuracy": [0.7587553262710571, 0.7845523953437805, 0.7882267236709595, 0.7892601490020752, 0.7894132733345032, 0.7898342609405518, 0.7891070246696472, 0.7887625694274902, 0.7909442186355591, 0.7906762957572937], "loss": [0.8451818823814392, 0.7044395804405212, 0.6818691492080688, 0.6728459000587463, 0.668539822101593, 0.6619593501091003, 0.6574128866195679, 0.6559599041938782, 0.6529754400253296, 0.6488392353057861], "val_accuracy": [0.77939373254776, 0.7844458222389221, 0.7865890860557556, 0.7896509766578674, 0.7865890860557556, 0.7879669070243835, 0.7882730960845947, 0.7939375638961792, 0.790263295173645, 0.7882730960845947], "val_loss": [0.7023661136627197, 0.6710293889045715, 0.6552137136459351, 0.6558597683906555, 0.6474133133888245, 0.6483696103096008, 0.646075427532196, 0.6407850384712219, 0.6414151191711426, 0.6384183168411255]}