{"accuracy": [0.7679412364959717, 0.7934703826904297, 0.7960730195045471, 0.7968002557754517, 0.797565758228302, 0.798407793045044, 0.7995560169219971, 0.7981781363487244, 0.7992880940437317, 0.8002066612243652], "loss": [0.787385880947113, 0.6538572311401367, 0.6401505470275879, 0.634039580821991, 0.6303979158401489, 0.6271134614944458, 0.6237666010856628, 0.6215997338294983, 0.6201285719871521, 0.6187924146652222], "val_accuracy": [0.7832210659980774, 0.790416419506073, 0.7881200313568115, 0.7928658723831177, 0.7957746386528015, 0.7947030067443848, 0.7962339520454407, 0.7960808277130127, 0.7911818623542786, 0.7953153848648071], "val_loss": [0.688976526260376, 0.6624614000320435, 0.6565567255020142, 0.6557309031486511, 0.6506110429763794, 0.6491332054138184, 0.6423313021659851, 0.640296220779419, 0.6442376375198364, 0.6365013122558594]}