{"accuracy": [0.7452061176300049, 0.7820645570755005, 0.7826004028320312, 0.7840165495872498, 0.7850882411003113, 0.7868871092796326, 0.7872316241264343, 0.7878822684288025, 0.7923220992088318, 0.7904466390609741], "loss": [0.9000260233879089, 0.7325160503387451, 0.7055366039276123, 0.6917717456817627, 0.6827337145805359, 0.6758071184158325, 0.6733454465866089, 0.6675470471382141, 0.6620417833328247, 0.6635954976081848], "val_accuracy": [0.7798530459403992, 0.7798530459403992, 0.7847520112991333, 0.7781690359115601, 0.7849050760269165, 0.790263295173645, 0.787354588508606, 0.7894978523254395, 0.7911818623542786, 0.7916411757469177], "val_loss": [0.7037363052368164, 0.6728394031524658, 0.6675548553466797, 0.6658353805541992, 0.6616020202636719, 0.646409273147583, 0.6471376419067383, 0.6394445300102234, 0.6372084021568298, 0.6415704488754272]}