{"loss": [1.0704467296600342, 0.7452671527862549, 0.7080833911895752, 0.6907002925872803, 0.6737710237503052, 0.663898766040802, 0.6559668779373169, 0.6501842737197876, 0.6462023854255676, 0.6453470587730408, 0.6349593997001648, 0.6331359148025513, 0.6361996531486511, 0.6328366994857788, 0.6342918872833252, 0.6296255588531494, 0.6278235912322998, 0.6264486312866211, 0.6244833469390869, 0.622160792350769, 0.6182782649993896, 0.6150051355361938, 0.6169517636299133, 0.6196313500404358, 0.6147704124450684, 0.6123740077018738, 0.6139211058616638, 0.6119619607925415, 0.6101294755935669, 0.6106058359146118, 0.6063202619552612, 0.6080024838447571, 0.6064127683639526, 0.6022825837135315, 0.6068649291992188, 0.6030172109603882, 0.6041343212127686, 0.6012440919876099, 0.6014139652252197, 0.6024284362792969, 0.5939075946807861, 0.5957431793212891, 0.5979035496711731, 0.5976371765136719, 0.6017387509346008, 0.598515510559082, 0.5967422723770142, 0.5983121991157532, 0.5951893329620361, 0.5960710048675537, 0.5919650197029114, 0.591037929058075, 0.5908612608909607, 0.591280996799469, 0.5926123261451721, 0.5916597247123718, 0.5907177329063416, 0.5866953730583191, 0.5901017785072327, 0.5905445218086243, 0.590177595615387, 0.5926505327224731, 0.5869207382202148, 0.5892189145088196, 0.5854446291923523], "accuracy": [0.6801653504371643, 0.7695016264915466, 0.7770802974700928, 0.7809844613075256, 0.7844293117523193, 0.7864196300506592, 0.7853479385375977, 0.7854244709014893, 0.7857306599617004, 0.7855010628700256, 0.788716197013855, 0.7895582914352417, 0.7882568836212158, 0.7900941371917725, 0.7905534505844116, 0.7905534505844116, 0.7884100079536438, 0.7907065749168396, 0.7909362316131592, 0.7912424206733704, 0.7945342063903809, 0.7926203608512878, 0.7913955450057983, 0.790630042552948, 0.7914720773696899, 0.7919313907623291, 0.7913190126419067, 0.7939217686653137, 0.7926203608512878, 0.793385922908783, 0.7962183356285095, 0.7928500175476074, 0.7943045496940613, 0.7956824898719788, 0.7938452363014221, 0.7942279577255249, 0.7937686443328857, 0.7963714599609375, 0.7967541813850403, 0.7979024648666382, 0.7991272807121277, 0.7956824898719788, 0.7979789972305298, 0.7949169278144836, 0.7950700521469116, 0.7987445592880249, 0.7956824898719788, 0.7955293655395508, 0.7978259325027466, 0.7967541813850403, 0.7966011166572571, 0.7966011166572571, 0.7987445592880249, 0.7989742159843445, 0.7969073057174683, 0.7964479923248291, 0.7945342063903809, 0.7969073057174683, 0.7992038726806641, 0.7962183356285095, 0.7975196838378906, 0.7986679673194885, 0.7969838380813599, 0.7988210916519165, 0.7978259325027466], "val_loss": [0.7062276005744934, 0.6671096086502075, 0.6440060138702393, 0.629741907119751, 0.6226114630699158, 0.6154598593711853, 0.6190574765205383, 0.6136929988861084, 0.6120622754096985, 0.6068398952484131, 0.6092479825019836, 0.6023799777030945, 0.6086735725402832, 0.6050968170166016, 0.6023424863815308, 0.609777569770813, 0.6036073565483093, 0.606277585029602, 0.6041373014450073, 0.6013297438621521, 0.5999271273612976, 0.5969317555427551, 0.597217857837677, 0.6006047129631042, 0.5997142791748047, 0.5990020036697388, 0.5977088212966919, 0.5970717072486877, 0.5909788012504578, 0.5963082313537598, 0.5902068018913269, 0.587730884552002, 0.5954304933547974, 0.5896017551422119, 0.5919902920722961, 0.5923401713371277, 0.5890662670135498, 0.5879157781600952, 0.5873761773109436, 0.587024450302124, 0.5949100852012634, 0.58661949634552, 0.5892561674118042, 0.5848293304443359, 0.5862573385238647, 0.5896608233451843, 0.5832508206367493, 0.5940122604370117, 0.5911738872528076, 0.5838498473167419, 0.591400682926178, 0.5923871397972107, 0.5863707065582275, 0.5846872329711914, 0.5800524950027466, 0.5908324122428894, 0.5809727907180786, 0.5845977067947388, 0.587360680103302, 0.5826811194419861, 0.583409309387207, 0.5868176817893982, 0.5833735466003418, 0.5865083932876587, 0.5909624695777893], "val_accuracy": [0.7829148769378662, 0.7835272550582886, 0.7865890860557556, 0.7942437529563904, 0.7921004295349121, 0.7942437529563904, 0.7945498824119568, 0.7942437529563904, 0.7911818623542786, 0.7899571061134338, 0.7957746386528015, 0.7930189967155457, 0.7905694842338562, 0.7899571061134338, 0.7951622605323792, 0.7930189967155457, 0.7954684495925903, 0.7988364696502686, 0.7933251857757568, 0.7939375638961792, 0.7945498824119568, 0.7914880514144897, 0.7930189967155457, 0.7954684495925903, 0.7933251857757568, 0.7942437529563904, 0.7911818623542786, 0.7908756732940674, 0.7963870167732239, 0.7979179620742798, 0.7945498824119568, 0.7988364696502686, 0.7963870167732239, 0.7960808277130127, 0.7957746386528015, 0.7966932058334351, 0.7994488477706909, 0.8000612258911133, 0.7969993948936462, 0.7979179620742798, 0.7951622605323792, 0.8015921711921692, 0.7997550368309021, 0.7969993948936462, 0.7966932058334351, 0.7973055839538574, 0.801285982131958, 0.8003674149513245, 0.8018983602523804, 0.801285982131958, 0.7969993948936462, 0.7960808277130127, 0.7942437529563904, 0.7994488477706909, 0.8022045493125916, 0.7930189967155457, 0.8000612258911133, 0.7979179620742798, 0.794856071472168, 0.8000612258911133, 0.7969993948936462, 0.7963870167732239, 0.7997550368309021, 0.794856071472168, 0.7951622605323792]}