{"loss": [0.9262262582778931, 0.7502821087837219, 0.7135785818099976, 0.6978899836540222, 0.6850774884223938, 0.6772044897079468, 0.6757997870445251, 0.6709967851638794, 0.6641772985458374, 0.6638031005859375, 0.6611403822898865, 0.6592349410057068, 0.657806396484375, 0.6548874974250793, 0.6509265899658203, 0.6516295671463013, 0.6508288383483887, 0.6482499241828918, 0.6472161412239075, 0.6488101482391357, 0.6477255821228027, 0.645738422870636, 0.6452764868736267, 0.6438562870025635, 0.6413198709487915, 0.6441037058830261, 0.6426457166671753, 0.6435819864273071, 0.6405428647994995, 0.6398385763168335, 0.6401767730712891, 0.6367213129997253, 0.6369878649711609, 0.6364824771881104, 0.6360923647880554, 0.634710431098938, 0.6335688829421997, 0.6360424160957336, 0.6345238089561462, 0.6356173753738403, 0.6335505843162537, 0.6316651701927185, 0.6309796571731567, 0.6323693990707397, 0.6320486664772034, 0.631334662437439, 0.6328860521316528, 0.6307094097137451, 0.6284015774726868, 0.626719057559967, 0.6288265585899353, 0.6265075206756592, 0.6283494234085083, 0.6232448816299438, 0.6237972378730774, 0.6262251138687134, 0.6258974075317383, 0.6270710229873657, 0.6260157823562622, 0.6257721185684204, 0.6238752603530884, 0.6216445565223694, 0.6242672801017761, 0.624973475933075], "accuracy": [0.742680013179779, 0.7775481343269348, 0.7821028232574463, 0.7835572361946106, 0.7846289277076721, 0.7854709625244141, 0.7870019674301147, 0.7880353927612305, 0.7885329127311707, 0.7877291440963745, 0.791594922542572, 0.7892601490020752, 0.7912121415138245, 0.7908676862716675, 0.7929345369338989, 0.7905232310295105, 0.791594922542572, 0.7902935743331909, 0.7906380295753479, 0.7919776439666748, 0.792283833026886, 0.7927431464195251, 0.7902935743331909, 0.7916714549064636, 0.792628288269043, 0.7921690344810486, 0.7930876016616821, 0.7932407259941101, 0.7923603653907776, 0.7930876016616821, 0.7943506836891174, 0.7952309846878052, 0.7942358255386353, 0.7949630618095398, 0.7961495518684387, 0.794771671295166, 0.7958433628082275, 0.7938148379325867, 0.7951544523239136, 0.7961495518684387, 0.7962261438369751, 0.7953457832336426, 0.795613706111908, 0.7964940667152405, 0.7956902980804443, 0.7958816289901733, 0.7961112856864929, 0.7956520318984985, 0.7968767881393433, 0.7969533205032349, 0.7976805567741394, 0.7974891662597656, 0.7973743677139282, 0.7978336811065674, 0.7987905144691467, 0.7991349697113037, 0.7964558005332947, 0.7953841090202332, 0.7974509000778198, 0.7972978353500366, 0.7983695268630981, 0.7981781363487244, 0.7984843254089355, 0.7973361015319824], "val_loss": [0.739536464214325, 0.7065043449401855, 0.6718332767486572, 0.6564923524856567, 0.6619669795036316, 0.6541429758071899, 0.6485840678215027, 0.6458502411842346, 0.6502414345741272, 0.6396351456642151, 0.6352924704551697, 0.6437832713127136, 0.6332999467849731, 0.6372488737106323, 0.6368908882141113, 0.6422450542449951, 0.6326746344566345, 0.6342705488204956, 0.6339129209518433, 0.6334735155105591, 0.6320889592170715, 0.643642008304596, 0.6322816610336304, 0.6349563002586365, 0.62923663854599, 0.6321894526481628, 0.6298807859420776, 0.6318132877349854, 0.6282624006271362, 0.6310699582099915, 0.6290736794471741, 0.6299871206283569, 0.6276063323020935, 0.6269028782844543, 0.6243151426315308, 0.626102864742279, 0.6270095109939575, 0.6218112707138062, 0.6246973276138306, 0.6228769421577454, 0.6264763474464417, 0.6224530339241028, 0.6237103939056396, 0.6211200952529907, 0.6225910782814026, 0.623709499835968, 0.6216528415679932, 0.6191989779472351, 0.6233203411102295, 0.6218879818916321, 0.6200485825538635, 0.622684895992279, 0.6229063868522644, 0.6170765161514282, 0.6304211616516113, 0.6232572793960571, 0.6195210218429565, 0.6249368190765381, 0.6230722069740295, 0.6260966062545776, 0.6259303092956543, 0.621681809425354, 0.61946040391922, 0.6210611462593079], "val_accuracy": [0.7738824486732483, 0.774954080581665, 0.782761812210083, 0.7821494340896606, 0.7823024988174438, 0.7867422103881836, 0.7908756732940674, 0.7919473648071289, 0.7940906286239624, 0.795009195804596, 0.7922534942626953, 0.7911818623542786, 0.7963870167732239, 0.7960808277130127, 0.7937844395637512, 0.7959277629852295, 0.7925596833229065, 0.7960808277130127, 0.795009195804596, 0.7951622605323792, 0.7962339520454407, 0.7931720614433289, 0.7976117730140686, 0.793631374835968, 0.7969993948936462, 0.7933251857757568, 0.7960808277130127, 0.795009195804596, 0.7969993948936462, 0.7945498824119568, 0.7977648377418518, 0.7994488477706909, 0.7963870167732239, 0.7962339520454407, 0.7953153848648071, 0.7960808277130127, 0.7951622605323792, 0.7954684495925903, 0.7969993948936462, 0.7999081611633301, 0.798224151134491, 0.7973055839538574, 0.7968462705612183, 0.7951622605323792, 0.7988364696502686, 0.7968462705612183, 0.7959277629852295, 0.7971524596214294, 0.798224151134491, 0.7977648377418518, 0.7965400815010071, 0.798071026802063, 0.7957746386528015, 0.798224151134491, 0.7945498824119568, 0.7957746386528015, 0.7979179620742798, 0.7959277629852295, 0.7951622605323792, 0.7924066185951233, 0.7953153848648071, 0.7943968176841736, 0.798224151134491, 0.7947030067443848]}