{"loss": [0.9372459650039673, 0.7323192954063416, 0.6997398734092712, 0.68215411901474, 0.6743212938308716, 0.6663110852241516, 0.6589234471321106, 0.6558820009231567, 0.655611515045166, 0.6480982899665833, 0.6480434536933899, 0.6459944844245911, 0.6480011343955994, 0.6430845260620117, 0.6420987844467163, 0.64178466796875, 0.6411085724830627, 0.6385947465896606, 0.6352939009666443, 0.6351373195648193, 0.6403769850730896, 0.6363635063171387, 0.6381177306175232, 0.6358134746551514, 0.6338016390800476, 0.6336190104484558, 0.6333234310150146, 0.63334059715271, 0.6341177225112915, 0.6314787864685059, 0.6331641674041748, 0.6311648488044739, 0.631408154964447, 0.6301158666610718, 0.6313279271125793, 0.6303338408470154, 0.62739098072052, 0.6279275417327881, 0.6294702291488647, 0.6305993795394897, 0.6271043419837952, 0.6270723342895508, 0.6292789578437805, 0.6298892498016357, 0.6274724006652832, 0.6266021728515625, 0.628108561038971, 0.6255629658699036, 0.6251870393753052, 0.6249039173126221, 0.6230056881904602, 0.6239365339279175, 0.6214734315872192, 0.6217818856239319, 0.6241875886917114, 0.6243579387664795, 0.6235853433609009, 0.6216981410980225, 0.6208029389381409, 0.6235511898994446, 0.6224032044410706, 0.6185388565063477, 0.6209219694137573], "accuracy": [0.7441726922988892, 0.7827152013778687, 0.7871932983398438, 0.7906762957572937, 0.7907528877258301, 0.7909442186355591, 0.7931641340255737, 0.7934320569038391, 0.7923603653907776, 0.7928579449653625, 0.7936617136001587, 0.7955371737480164, 0.791594922542572, 0.7933555245399475, 0.7942358255386353, 0.7931641340255737, 0.7934703826904297, 0.794924795627594, 0.7983312010765076, 0.7957668304443359, 0.7939296364784241, 0.7966853976249695, 0.7948482632637024, 0.7957285642623901, 0.7958433628082275, 0.7955754399299622, 0.7946186065673828, 0.7963026762008667, 0.7957285642623901, 0.7945037484169006, 0.7961878776550293, 0.7972212433815002, 0.7956520318984985, 0.7962261438369751, 0.7957668304443359, 0.7962261438369751, 0.7973743677139282, 0.7959964871406555, 0.7960730195045471, 0.7963026762008667, 0.7981781363487244, 0.7980632781982422, 0.7961878776550293, 0.7974891662597656, 0.7963792085647583, 0.7985225915908813, 0.7975274324417114, 0.7961878776550293, 0.7976422905921936, 0.7982929348945618, 0.7978719472885132, 0.7987905144691467, 0.7994412183761597, 0.7977188229560852, 0.7974891662597656, 0.7976805567741394, 0.797565758228302, 0.7989436388015747, 0.7980250120162964, 0.7979484796524048, 0.7981781363487244, 0.7979484796524048, 0.7981016039848328], "val_loss": [0.7315583229064941, 0.6844615340232849, 0.6732504963874817, 0.6654000282287598, 0.6495347023010254, 0.6490345001220703, 0.6473952531814575, 0.6505652666091919, 0.6474142670631409, 0.6414235234260559, 0.636731743812561, 0.6462119817733765, 0.6415472030639648, 0.6425231695175171, 0.6350610256195068, 0.6376014351844788, 0.6370208859443665, 0.6365443468093872, 0.6296482682228088, 0.6311141848564148, 0.6320825219154358, 0.6333436965942383, 0.6313745379447937, 0.6326360702514648, 0.6352881193161011, 0.628825843334198, 0.6340219974517822, 0.6274574995040894, 0.629092812538147, 0.6276793479919434, 0.6290992498397827, 0.6310015320777893, 0.627726137638092, 0.633537232875824, 0.6285502314567566, 0.6278454661369324, 0.633971095085144, 0.6255791187286377, 0.6277823448181152, 0.6265263557434082, 0.6287091374397278, 0.6292735934257507, 0.6256711483001709, 0.6298239827156067, 0.6272688508033752, 0.624521017074585, 0.6291894912719727, 0.6319806575775146, 0.6256534457206726, 0.6265164017677307, 0.624001145362854, 0.625940203666687, 0.6231643557548523, 0.6246103048324585, 0.6281953454017639, 0.6323145627975464, 0.6236242055892944, 0.6282029747962952, 0.6338475942611694, 0.6242094039916992, 0.6293982863426208, 0.6235988736152649, 0.6231787800788879], "val_accuracy": [0.7757195234298706, 0.7879669070243835, 0.7878138422966003, 0.7898040413856506, 0.7947030067443848, 0.7917942404747009, 0.7940906286239624, 0.7939375638961792, 0.7925596833229065, 0.7951622605323792, 0.7951622605323792, 0.7940906286239624, 0.7957746386528015, 0.795009195804596, 0.7939375638961792, 0.7957746386528015, 0.7943968176841736, 0.795009195804596, 0.7962339520454407, 0.7979179620742798, 0.7973055839538574, 0.7966932058334351, 0.7956215739250183, 0.7953153848648071, 0.7962339520454407, 0.7971524596214294, 0.7971524596214294, 0.7966932058334351, 0.7947030067443848, 0.7973055839538574, 0.7963870167732239, 0.7962339520454407, 0.7953153848648071, 0.7963870167732239, 0.7963870167732239, 0.7971524596214294, 0.7974586486816406, 0.7983772158622742, 0.7976117730140686, 0.7986834049224854, 0.7979179620742798, 0.7957746386528015, 0.7962339520454407, 0.7962339520454407, 0.7989895939826965, 0.7986834049224854, 0.7971524596214294, 0.7951622605323792, 0.794856071472168, 0.798071026802063, 0.7968462705612183, 0.7968462705612183, 0.7973055839538574, 0.7966932058334351, 0.7966932058334351, 0.7962339520454407, 0.7954684495925903, 0.7963870167732239, 0.7962339520454407, 0.7985303401947021, 0.7947030067443848, 0.7986834049224854, 0.7977648377418518]}