{"loss": [0.9794881343841553, 0.684902012348175, 0.6581400036811829, 0.644470751285553, 0.6370126605033875, 0.6318426132202148, 0.6280003786087036, 0.6235754489898682, 0.6218711733818054, 0.6198127269744873, 0.6177173852920532, 0.6160255670547485, 0.6148123741149902, 0.6132294535636902, 0.6125781536102295, 0.6116663813591003, 0.6108253002166748, 0.6099991798400879, 0.609365701675415, 0.6087584495544434, 0.6082239151000977, 0.6078799962997437, 0.6069545149803162, 0.6064977049827576, 0.6060299873352051, 0.6054026484489441, 0.6049575805664062, 0.6045852303504944, 0.6033645272254944, 0.6034982800483704, 0.6027891039848328, 0.6028792858123779, 0.6026745438575745, 0.6020724177360535, 0.6019223928451538, 0.6018590927124023, 0.6015938520431519, 0.6000279188156128, 0.6005698442459106, 0.6008489727973938, 0.6005002856254578, 0.5997504591941833, 0.5997183918952942, 0.5996246933937073, 0.598889172077179, 0.598946213722229, 0.5981134176254272, 0.5976848006248474, 0.5979567170143127, 0.5986241698265076, 0.5976136326789856, 0.5978279709815979, 0.5970816016197205, 0.5970844030380249, 0.5969139933586121, 0.59706050157547, 0.5959614515304565, 0.5963428616523743, 0.5957014560699463, 0.5960553884506226], "accuracy": [0.7126727104187012, 0.7865043878555298, 0.7894132733345032, 0.7911356091499329, 0.792436957359314, 0.7936234474182129, 0.7940062284469604, 0.797412633895874, 0.7973743677139282, 0.7989053726196289, 0.8007807731628418, 0.7986757159233093, 0.8009721636772156, 0.8010870218276978, 0.8010870218276978, 0.8003597855567932, 0.8010486960411072, 0.8015845417976379, 0.8006659746170044, 0.8020055890083313, 0.800895631313324, 0.8015080094337463, 0.8030007481575012, 0.8026179671287537, 0.8022735118865967, 0.8015080094337463, 0.80269455909729, 0.8036513924598694, 0.8037661910057068, 0.8029241561889648, 0.8044934272766113, 0.8035748600959778, 0.8033069372177124, 0.8025797009468079, 0.803536593914032, 0.8035748600959778, 0.8036131262779236, 0.8041107058525085, 0.803536593914032, 0.803536593914032, 0.8043786287307739, 0.8038427829742432, 0.8036131262779236, 0.8034600019454956, 0.803536593914032, 0.8040724396705627, 0.8034982681274414, 0.8045699596405029, 0.803536593914032, 0.8042637705802917, 0.8051058053970337, 0.8039193153381348, 0.8052206635475159, 0.8045316934585571, 0.803727924823761, 0.8043020367622375, 0.8034217357635498, 0.8041872382164001, 0.8039575815200806, 0.804225504398346], "val_loss": [0.7212352156639099, 0.6804183721542358, 0.6682276129722595, 0.6574051976203918, 0.6520656943321228, 0.6496285200119019, 0.6439051032066345, 0.6499905586242676, 0.6444957256317139, 0.6440513134002686, 0.6411588788032532, 0.6399936676025391, 0.638512134552002, 0.6365437507629395, 0.6395778656005859, 0.6355750560760498, 0.6359712481498718, 0.6387276649475098, 0.6356869339942932, 0.6363366842269897, 0.6364656686782837, 0.6339173913002014, 0.6364762783050537, 0.6364259719848633, 0.6321918964385986, 0.6329755187034607, 0.6412757039070129, 0.6333492398262024, 0.6380058526992798, 0.6352651119232178, 0.6374046206474304, 0.6324557662010193, 0.6312518119812012, 0.6301015615463257, 0.6312682628631592, 0.6315321922302246, 0.632289469242096, 0.6320580244064331, 0.6343753933906555, 0.6298704743385315, 0.6340346932411194, 0.629915177822113, 0.6313905119895935, 0.6309605240821838, 0.6315205097198486, 0.6314950585365295, 0.6305766701698303, 0.6342375874519348, 0.6299224495887756, 0.6281117796897888, 0.6327067017555237, 0.6311947107315063, 0.6321304440498352, 0.6307207942008972, 0.6313468217849731, 0.6330776214599609, 0.6317558884620667, 0.6313242316246033, 0.6314457058906555, 0.6311126351356506], "val_accuracy": [0.7728107571601868, 0.7787813544273376, 0.7804654240608215, 0.7861298322677612, 0.7901102304458618, 0.7917942404747009, 0.7882730960845947, 0.7891916632652283, 0.793631374835968, 0.7899571061134338, 0.7916411757469177, 0.7921004295349121, 0.793631374835968, 0.7919473648071289, 0.7907226085662842, 0.7954684495925903, 0.794856071472168, 0.793631374835968, 0.7928658723831177, 0.793631374835968, 0.7942437529563904, 0.7930189967155457, 0.794856071472168, 0.7933251857757568, 0.7962339520454407, 0.7956215739250183, 0.7940906286239624, 0.7931720614433289, 0.7939375638961792, 0.7957746386528015, 0.7940906286239624, 0.795009195804596, 0.7939375638961792, 0.7954684495925903, 0.794856071472168, 0.7943968176841736, 0.795009195804596, 0.7940906286239624, 0.79347825050354, 0.7962339520454407, 0.7925596833229065, 0.7960808277130127, 0.7947030067443848, 0.7933251857757568, 0.7945498824119568, 0.7930189967155457, 0.794856071472168, 0.7931720614433289, 0.7927128076553345, 0.7959277629852295, 0.7943968176841736, 0.795009195804596, 0.7921004295349121, 0.7940906286239624, 0.793631374835968, 0.794856071472168, 0.7940906286239624, 0.7937844395637512, 0.79347825050354, 0.7942437529563904]}