{"loss": [0.9989902377128601, 0.7324168086051941, 0.6917603015899658, 0.6684594750404358, 0.6556341648101807, 0.6457332968711853, 0.6358635425567627, 0.6313548684120178, 0.6209568977355957, 0.6211292147636414, 0.6177147030830383, 0.6125606894493103, 0.612933337688446, 0.6094468832015991, 0.6084231734275818, 0.6067582368850708, 0.6030346155166626, 0.6021712422370911, 0.5997704863548279, 0.5996328592300415, 0.5972954034805298, 0.5948219299316406, 0.5967821478843689, 0.5940759778022766, 0.5916043519973755, 0.5856021642684937, 0.5884620547294617, 0.5889614820480347, 0.5864732265472412, 0.5913073420524597, 0.5850118398666382, 0.5882746577262878, 0.5835019946098328, 0.586456835269928, 0.5821496248245239, 0.5826109051704407, 0.5806458592414856, 0.5800918936729431, 0.5781821608543396, 0.5769734978675842, 0.5767382979393005, 0.5779197812080383, 0.5744822025299072, 0.5755673050880432, 0.5726182460784912, 0.5732510089874268, 0.5732019543647766, 0.577218234539032, 0.572521984577179, 0.5735715627670288, 0.5735291242599487, 0.574393630027771, 0.5701771974563599, 0.5752284526824951, 0.5756568312644958, 0.5726974010467529, 0.5662954449653625, 0.5695280432701111, 0.5717716813087463, 0.5696721076965332, 0.5670793056488037, 0.5665265917778015, 0.5682499408721924, 0.568713903427124, 0.5645537376403809, 0.5664596557617188, 0.5684168338775635, 0.5663008093833923, 0.567596435546875, 0.5637407898902893, 0.5660395622253418, 0.5621605515480042, 0.5625290274620056, 0.5609362721443176, 0.5609385967254639, 0.5627845525741577, 0.5609287619590759], "accuracy": [0.7270152568817139, 0.7764678597450256, 0.7806016802787781, 0.7871086001396179, 0.7861899733543396, 0.7877975702285767, 0.7908596992492676, 0.7897114157676697, 0.7957590222358704, 0.794840395450592, 0.7917017340660095, 0.7937686443328857, 0.7925438284873962, 0.7944576144218445, 0.7936921119689941, 0.795835554599762, 0.7968307137489319, 0.7947638630867004, 0.7945342063903809, 0.7953762412071228, 0.7970603704452515, 0.7978259325027466, 0.7981321215629578, 0.797290027141571, 0.7995100617408752, 0.8008114695549011, 0.800352156162262, 0.7991272807121277, 0.7985149025917053, 0.7990507483482361, 0.7988976240158081, 0.8007348775863647, 0.7991272807121277, 0.7966776490211487, 0.8014238476753235, 0.7995100617408752, 0.7988210916519165, 0.8011176586151123, 0.801806628704071, 0.7999693751335144, 0.8017300963401794, 0.7996631860733032, 0.8011941909790039, 0.8032611012458801, 0.8018831610679626, 0.8022659420967102, 0.8012707829475403, 0.7981321215629578, 0.800045907497406, 0.8033376932144165, 0.8031080365180969, 0.8015769720077515, 0.8035673499107361, 0.802801787853241, 0.7995865941047668, 0.8011176586151123, 0.8030314445495605, 0.8037204146385193, 0.8031080365180969, 0.8059404492378235, 0.8064762949943542, 0.8040266633033752, 0.8046390414237976, 0.8054046034812927, 0.8050218224525452, 0.8031845688819885, 0.804409384727478, 0.8038735389709473, 0.8040266633033752, 0.8062466382980347, 0.8042563199996948, 0.8070122003555298, 0.8021128177642822, 0.8041797280311584, 0.806323230266571, 0.8066294193267822, 0.8072418570518494], "val_loss": [0.7305572032928467, 0.6685779690742493, 0.6360340118408203, 0.625438392162323, 0.6209113001823425, 0.6074694991111755, 0.6041909456253052, 0.5998833775520325, 0.5963632464408875, 0.5947273373603821, 0.5922068357467651, 0.5898221731185913, 0.5876321792602539, 0.587563693523407, 0.5863895416259766, 0.5844289064407349, 0.5844423174858093, 0.5853887796401978, 0.58339524269104, 0.5794708728790283, 0.5855956077575684, 0.5837844014167786, 0.5842704772949219, 0.5820745229721069, 0.5850366353988647, 0.5821139812469482, 0.5856298208236694, 0.5850639939308167, 0.5808491706848145, 0.5779259204864502, 0.5795045495033264, 0.580398678779602, 0.5786484479904175, 0.5760952234268188, 0.5801689028739929, 0.5749773383140564, 0.578620433807373, 0.5760101675987244, 0.5743053555488586, 0.5771092772483826, 0.5758522748947144, 0.5807003974914551, 0.573623776435852, 0.5716933012008667, 0.5797734260559082, 0.5709909200668335, 0.5732494592666626, 0.5758598446846008, 0.573433518409729, 0.5769641995429993, 0.5681058764457703, 0.5711836218833923, 0.5701834559440613, 0.5718073844909668, 0.5712257623672485, 0.5717194676399231, 0.5659847855567932, 0.5658161640167236, 0.5699137449264526, 0.5680006146430969, 0.5670710802078247, 0.5675337314605713, 0.5668619275093079, 0.5699509382247925, 0.5703163743019104, 0.5735777616500854, 0.5637935400009155, 0.5643430352210999, 0.5639179348945618, 0.5706201195716858, 0.5710530877113342, 0.5698851943016052, 0.5667967200279236, 0.5671764016151428, 0.56563401222229, 0.5676602125167847, 0.5650020837783813], "val_accuracy": [0.7758726477622986, 0.7881200313568115, 0.790263295173645, 0.7963870167732239, 0.794856071472168, 0.7960808277130127, 0.7957746386528015, 0.794856071472168, 0.7966932058334351, 0.7976117730140686, 0.7988364696502686, 0.7969993948936462, 0.8018983602523804, 0.8000612258911133, 0.8003674149513245, 0.801285982131958, 0.8000612258911133, 0.7966932058334351, 0.8015921711921692, 0.8025107383728027, 0.8028169274330139, 0.7994488477706909, 0.7988364696502686, 0.7960808277130127, 0.8025107383728027, 0.8009797930717468, 0.8003674149513245, 0.8015921711921692, 0.7988364696502686, 0.8003674149513245, 0.8022045493125916, 0.7991426587104797, 0.801285982131958, 0.7997550368309021, 0.8015921711921692, 0.801285982131958, 0.7994488477706909, 0.8034292459487915, 0.7994488477706909, 0.8009797930717468, 0.8015921711921692, 0.8022045493125916, 0.8018983602523804, 0.7985303401947021, 0.8031230568885803, 0.7994488477706909, 0.7988364696502686, 0.7997550368309021, 0.8018983602523804, 0.7976117730140686, 0.8037354350090027, 0.8009797930717468, 0.805878758430481, 0.8022045493125916, 0.8015921711921692, 0.8031230568885803, 0.7988364696502686, 0.8025107383728027, 0.7985303401947021, 0.8031230568885803, 0.8022045493125916, 0.8034292459487915, 0.8040416240692139, 0.8006736040115356, 0.8040416240692139, 0.8022045493125916, 0.8031230568885803, 0.8009797930717468, 0.805878758430481, 0.8028169274330139, 0.8028169274330139, 0.8018983602523804, 0.801285982131958, 0.8040416240692139, 0.801285982131958, 0.7988364696502686, 0.8025107383728027]}