{"loss": [1.020624041557312, 0.7222560048103333, 0.6837171912193298, 0.6663941144943237, 0.6562332510948181, 0.6497931480407715, 0.6447714567184448, 0.6400660276412964, 0.6362258791923523, 0.6325134038925171, 0.6303539872169495, 0.6265990138053894, 0.6254701018333435, 0.6228959560394287, 0.6204615831375122, 0.6191990375518799, 0.6174456477165222, 0.6154111623764038, 0.6138347387313843, 0.6131623983383179, 0.6120860576629639, 0.6110263466835022, 0.6090320944786072, 0.6078853607177734, 0.6081255078315735, 0.6073634624481201, 0.6065374612808228, 0.6055971384048462, 0.6045410633087158, 0.6046113967895508, 0.6037357449531555, 0.6025729179382324, 0.6028674244880676, 0.6015701293945312, 0.6017840504646301, 0.6009241938591003, 0.5998015999794006, 0.6002205014228821, 0.599359393119812, 0.5992693901062012, 0.5993432998657227, 0.5980399250984192, 0.5978647470474243, 0.5974703431129456, 0.5972146987915039, 0.5957908034324646, 0.5969995856285095, 0.5967095494270325, 0.5952349901199341, 0.5951492190361023, 0.5944145321846008], "accuracy": [0.7149965763092041, 0.7809844613075256, 0.7900941371917725, 0.7935389876365662, 0.7937686443328857, 0.7977493405342102, 0.7987445592880249, 0.8013473153114319, 0.8006583452224731, 0.8025721311569214, 0.804562509059906, 0.804409384727478, 0.8040266633033752, 0.804562509059906, 0.8057873249053955, 0.8053280115127563, 0.8059404492378235, 0.8060935735702515, 0.8083900809288025, 0.8070122003555298, 0.8055576682090759, 0.8067059516906738, 0.8080073595046997, 0.8091556429862976, 0.8085432052612305, 0.8079307675361633, 0.8086197376251221, 0.8099976778030396, 0.8088493943214417, 0.8092321753501892, 0.8085432052612305, 0.8099976778030396, 0.80976802110672, 0.8106866478919983, 0.8109928965568542, 0.8095383644104004, 0.8105335831642151, 0.8100742697715759, 0.8096149563789368, 0.8102273344993591, 0.8112225532531738, 0.8109163045883179, 0.8116052746772766, 0.8110694289207458, 0.811528742313385, 0.8116052746772766, 0.8117583990097046, 0.8119115233421326, 0.8133659958839417, 0.8119880557060242, 0.8129066824913025], "val_loss": [0.7782567143440247, 0.7134451866149902, 0.6864696145057678, 0.6724132895469666, 0.6652655005455017, 0.6616878509521484, 0.6560705900192261, 0.6519861817359924, 0.6489589214324951, 0.6479056477546692, 0.6440762281417847, 0.6438271403312683, 0.6389768123626709, 0.6385341286659241, 0.6402531266212463, 0.6364622712135315, 0.6358277797698975, 0.6362292766571045, 0.6323185563087463, 0.6358129978179932, 0.6326349377632141, 0.6310026049613953, 0.6311705708503723, 0.6307679414749146, 0.6319994330406189, 0.6307631731033325, 0.6318120360374451, 0.6322316527366638, 0.6276917457580566, 0.6309496164321899, 0.6255418062210083, 0.6288985013961792, 0.6279354691505432, 0.6310961246490479, 0.629071831703186, 0.6267806887626648, 0.6269105076789856, 0.6285285949707031, 0.6298430562019348, 0.6264291405677795, 0.624710738658905, 0.6285161972045898, 0.627040445804596, 0.6289662718772888, 0.6266270279884338, 0.6291613578796387, 0.6253499984741211, 0.6259318590164185, 0.6288629174232483, 0.6265631914138794, 0.6281841993331909], "val_accuracy": [0.7682179808616638, 0.7804654240608215, 0.7844458222389221, 0.7933251857757568, 0.7927128076553345, 0.7899571061134338, 0.7914880514144897, 0.7924066185951233, 0.7917942404747009, 0.7939375638961792, 0.7939375638961792, 0.7957746386528015, 0.7954684495925903, 0.794856071472168, 0.7969993948936462, 0.7963870167732239, 0.7973055839538574, 0.7979179620742798, 0.7988364696502686, 0.7957746386528015, 0.7997550368309021, 0.7994488477706909, 0.7966932058334351, 0.8006736040115356, 0.7997550368309021, 0.7994488477706909, 0.8006736040115356, 0.8003674149513245, 0.8025107383728027, 0.8006736040115356, 0.7988364696502686, 0.7994488477706909, 0.7988364696502686, 0.8028169274330139, 0.8040416240692139, 0.8009797930717468, 0.8031230568885803, 0.8049601912498474, 0.8028169274330139, 0.8009797930717468, 0.8049601912498474, 0.8022045493125916, 0.8015921711921692, 0.8003674149513245, 0.8049601912498474, 0.8006736040115356, 0.804347813129425, 0.8009797930717468, 0.804347813129425, 0.7997550368309021, 0.8025107383728027]}