{"loss": [1.1466044187545776, 0.821172833442688, 0.7638989090919495, 0.7467207908630371, 0.7268704771995544, 0.7156835794448853, 0.7097651958465576, 0.7026780843734741, 0.6963435411453247, 0.6883392930030823, 0.689682126045227, 0.6801385879516602, 0.6763916611671448, 0.6772206425666809, 0.6730702519416809, 0.6735383868217468, 0.6674567461013794, 0.6658306121826172, 0.6570649147033691, 0.6586660146713257, 0.6560141444206238, 0.653731644153595, 0.6533274054527283, 0.6472468376159668, 0.6530517935752869, 0.6493547558784485, 0.6539701223373413, 0.6546021699905396, 0.6440522074699402, 0.6425943374633789, 0.6455026268959045, 0.6411155462265015, 0.6401466727256775, 0.6404435634613037, 0.6369984149932861, 0.6353093385696411, 0.638627290725708, 0.6363837122917175, 0.633846640586853, 0.6345723867416382, 0.6307164430618286, 0.6344523429870605, 0.6362327337265015, 0.6328670978546143, 0.6300225257873535, 0.6297772526741028, 0.6293221116065979, 0.632661759853363, 0.627491295337677, 0.6268254518508911, 0.6262704133987427, 0.628190279006958, 0.6263430118560791, 0.6234660148620605, 0.6226256489753723, 0.6240338087081909, 0.6286817789077759, 0.62371826171875, 0.6179669499397278, 0.6224450469017029, 0.6189051866531372, 0.6238318085670471, 0.620267927646637, 0.6192995309829712, 0.6188393235206604, 0.6148369908332825, 0.6194518208503723, 0.6169581413269043, 0.6150782704353333, 0.6170538663864136, 0.6184144020080566, 0.617077112197876, 0.6160261631011963, 0.6093959808349609, 0.6133574843406677], "accuracy": [0.702059268951416, 0.7745540738105774, 0.7815203070640564, 0.7872617244720459, 0.7884100079536438, 0.7898644804954529, 0.7896348237991333, 0.7879506945610046, 0.7924672961235046, 0.793079674243927, 0.79047691822052, 0.7944576144218445, 0.7954528331756592, 0.7954528331756592, 0.794840395450592, 0.7922376394271851, 0.7969838380813599, 0.7941514253616333, 0.7982086539268494, 0.7964479923248291, 0.7983617782592773, 0.7962183356285095, 0.7995865941047668, 0.7995865941047668, 0.8001224994659424, 0.7998928427696228, 0.7988976240158081, 0.7993569374084473, 0.8005052208900452, 0.7995100617408752, 0.8024190664291382, 0.8005052208900452, 0.8022659420967102, 0.8037204146385193, 0.8017300963401794, 0.8009645342826843, 0.8007348775863647, 0.8022659420967102, 0.8042563199996948, 0.800045907497406, 0.8036438822746277, 0.8021894097328186, 0.8022659420967102, 0.8028783798217773, 0.8052514791488647, 0.8037970066070557, 0.8032611012458801, 0.8075480461120605, 0.8040266633033752, 0.8051749467849731, 0.8050983548164368, 0.8063997626304626, 0.801806628704071, 0.8059404492378235, 0.8050983548164368, 0.8046390414237976, 0.8062466382980347, 0.8052514791488647, 0.8057107925415039, 0.8038735389709473, 0.8080073595046997, 0.8054811358451843, 0.804409384727478, 0.8043328523635864, 0.8078542351722717, 0.8069356083869934, 0.807165265083313, 0.8067825436592102, 0.8103039264678955, 0.8077777028083801, 0.80877286195755, 0.8066294193267822, 0.8070122003555298, 0.8093852996826172, 0.8093852996826172], "val_loss": [0.7998129725456238, 0.72958904504776, 0.6928993463516235, 0.6800368428230286, 0.6616220474243164, 0.6633241176605225, 0.6513595581054688, 0.6648097038269043, 0.6515778303146362, 0.643478512763977, 0.6488620638847351, 0.6343377232551575, 0.6423502564430237, 0.6346076130867004, 0.6358328461647034, 0.6328473091125488, 0.6318332552909851, 0.6289733052253723, 0.6267848610877991, 0.6282186508178711, 0.6196216940879822, 0.6277922987937927, 0.6257052421569824, 0.6248714923858643, 0.6227896213531494, 0.6207718253135681, 0.6248682737350464, 0.6200803518295288, 0.6203427910804749, 0.6145066022872925, 0.619956374168396, 0.6176810264587402, 0.6149471402168274, 0.6184375286102295, 0.6122621297836304, 0.6195290088653564, 0.6179412603378296, 0.6176656484603882, 0.6192069053649902, 0.6120160818099976, 0.6118469834327698, 0.613860547542572, 0.6106100082397461, 0.6087461709976196, 0.6141156554222107, 0.6130253672599792, 0.6135718822479248, 0.6155920624732971, 0.607487678527832, 0.609898030757904, 0.608363926410675, 0.6095914244651794, 0.6080812215805054, 0.6080699563026428, 0.6152539849281311, 0.6099929809570312, 0.6071485280990601, 0.6065854430198669, 0.6173419952392578, 0.6159659624099731, 0.6125083565711975, 0.6157472133636475, 0.6049883961677551, 0.6100168228149414, 0.6004157662391663, 0.6054444313049316, 0.6049110889434814, 0.6105821132659912, 0.6097655892372131, 0.600613534450531, 0.6157697439193726, 0.6109178066253662, 0.603661060333252, 0.6137002110481262, 0.6119564771652222], "val_accuracy": [0.7721983790397644, 0.7816901206970215, 0.7887324094772339, 0.7896509766578674, 0.7942437529563904, 0.7945498824119568, 0.7945498824119568, 0.7939375638961792, 0.793631374835968, 0.7960808277130127, 0.7930189967155457, 0.7954684495925903, 0.7960808277130127, 0.7951622605323792, 0.7976117730140686, 0.8003674149513245, 0.798224151134491, 0.7960808277130127, 0.7976117730140686, 0.7997550368309021, 0.7997550368309021, 0.7979179620742798, 0.7991426587104797, 0.7985303401947021, 0.8000612258911133, 0.8000612258911133, 0.7966932058334351, 0.8028169274330139, 0.8034292459487915, 0.8037354350090027, 0.8034292459487915, 0.8025107383728027, 0.8022045493125916, 0.8018983602523804, 0.8037354350090027, 0.8000612258911133, 0.8025107383728027, 0.804347813129425, 0.804347813129425, 0.804347813129425, 0.8077158331871033, 0.8061849474906921, 0.8071035146713257, 0.8049601912498474, 0.8077158331871033, 0.8055725693702698, 0.8080220222473145, 0.8037354350090027, 0.8080220222473145, 0.8080220222473145, 0.8086344003677368, 0.8052663803100586, 0.8064911365509033, 0.8074097037315369, 0.8049601912498474, 0.805878758430481, 0.8055725693702698, 0.8077158331871033, 0.8074097037315369, 0.8080220222473145, 0.8098591566085815, 0.8046540021896362, 0.804347813129425, 0.8049601912498474, 0.8046540021896362, 0.8083282113075256, 0.8049601912498474, 0.8077158331871033, 0.8077158331871033, 0.8071035146713257, 0.8055725693702698, 0.8025107383728027, 0.8052663803100586, 0.8046540021896362, 0.8077158331871033]}