{"loss": [1.0614075660705566, 0.7639158964157104, 0.7261046767234802, 0.7090016603469849, 0.6941090226173401, 0.6857782602310181, 0.682837188243866, 0.6744037866592407, 0.6740005016326904, 0.6617511510848999, 0.6629969477653503, 0.6628564596176147, 0.6592303514480591, 0.654231607913971, 0.6548851728439331, 0.6503788232803345, 0.6521096229553223, 0.6434345245361328, 0.6459994316101074, 0.6425884962081909, 0.6464125514030457, 0.6426038146018982, 0.6421263813972473, 0.6365175843238831, 0.6383777856826782, 0.6344334483146667, 0.6375063061714172, 0.6344227194786072, 0.6339892148971558, 0.6336268186569214, 0.6317749619483948, 0.63315349817276, 0.6292837262153625, 0.6307967901229858, 0.6283078193664551], "accuracy": [0.7197427749633789, 0.7783051133155823, 0.7868024110794067, 0.7897114157676697, 0.7936155796051025, 0.7937686443328857, 0.7957590222358704, 0.7967541813850403, 0.7981321215629578, 0.7998162508010864, 0.7987445592880249, 0.7994335293769836, 0.7988210916519165, 0.801806628704071, 0.7994335293769836, 0.801959753036499, 0.8006583452224731, 0.8008114695549011, 0.8034907579421997, 0.8015004396438599, 0.800199031829834, 0.8034142255783081, 0.8012707829475403, 0.8039500713348389, 0.8031845688819885, 0.804562509059906, 0.8026487231254578, 0.8028783798217773, 0.8041031956672668, 0.8035673499107361, 0.8056342601776123, 0.8027252554893494, 0.8024190664291382, 0.8052514791488647, 0.8067825436592102], "val_loss": [0.7581350803375244, 0.6981345415115356, 0.678640604019165, 0.6696992516517639, 0.6623024344444275, 0.6523998975753784, 0.6506584882736206, 0.6448398232460022, 0.6405790448188782, 0.6437244415283203, 0.6373823285102844, 0.6388786435127258, 0.628317654132843, 0.6284825801849365, 0.625600278377533, 0.6233659982681274, 0.6341107487678528, 0.6220827698707581, 0.6234986186027527, 0.6268470287322998, 0.6187548637390137, 0.618156909942627, 0.6143796443939209, 0.6179604530334473, 0.6123695969581604, 0.613766074180603, 0.6177030205726624, 0.6184719800949097, 0.6165808439254761, 0.624058723449707, 0.6158767342567444, 0.6143323183059692, 0.6161755919456482, 0.6131196618080139, 0.6134448647499084], "val_accuracy": [0.7740355134010315, 0.7853643894195557, 0.790263295173645, 0.7939375638961792, 0.7899571061134338, 0.7951622605323792, 0.7988364696502686, 0.7979179620742798, 0.7997550368309021, 0.7963870167732239, 0.8000612258911133, 0.7976117730140686, 0.8022045493125916, 0.801285982131958, 0.8003674149513245, 0.8009797930717468, 0.8022045493125916, 0.7997550368309021, 0.8022045493125916, 0.8018983602523804, 0.8006736040115356, 0.8006736040115356, 0.801285982131958, 0.805878758430481, 0.804347813129425, 0.8022045493125916, 0.8018983602523804, 0.8040416240692139, 0.8031230568885803, 0.8025107383728027, 0.8028169274330139, 0.8055725693702698, 0.8037354350090027, 0.8031230568885803, 0.8061849474906921]}