{"loss": [0.9609580039978027, 0.6912988424301147, 0.6536906361579895, 0.6326723098754883, 0.6207650899887085, 0.6131519079208374, 0.6068320870399475, 0.6007668972015381, 0.5956830382347107, 0.5936105251312256, 0.5897960066795349, 0.5870939493179321, 0.5839170813560486, 0.5824494361877441, 0.580622673034668, 0.5784370303153992, 0.5769019722938538, 0.5750532746315002, 0.5749551057815552, 0.5734344124794006, 0.5729886889457703, 0.5711565017700195, 0.5697436928749084, 0.5706889629364014, 0.5677663087844849, 0.5672423839569092, 0.5662670135498047, 0.5665526390075684, 0.5652012228965759, 0.5644879937171936, 0.5641544461250305, 0.5634388327598572, 0.5630300641059875, 0.5621386170387268, 0.5622837543487549, 0.5610607266426086, 0.5595529675483704, 0.5599704384803772, 0.5601003170013428, 0.559695839881897, 0.5576905012130737, 0.55805903673172, 0.558243989944458, 0.5576931238174438, 0.5569846630096436, 0.557172954082489, 0.5571523904800415, 0.555618166923523, 0.5552635788917542, 0.5549089908599854, 0.5557995438575745, 0.5536264777183533, 0.5533422231674194, 0.5546903610229492], "accuracy": [0.737196683883667, 0.7823624014854431, 0.7881038188934326, 0.7901707291603088, 0.7939217686653137, 0.7943045496940613, 0.7954528331756592, 0.797443151473999, 0.7964479923248291, 0.7995865941047668, 0.7999693751335144, 0.8011941909790039, 0.7997397184371948, 0.8005052208900452, 0.8031080365180969, 0.8024955987930298, 0.8034907579421997, 0.8035673499107361, 0.8039500713348389, 0.8031080365180969, 0.804715633392334, 0.8039500713348389, 0.8038735389709473, 0.8040266633033752, 0.8054811358451843, 0.8054811358451843, 0.8059404492378235, 0.8043328523635864, 0.8057873249053955, 0.8050218224525452, 0.804409384727478, 0.8064762949943542, 0.8050983548164368, 0.8057873249053955, 0.8046390414237976, 0.8067059516906738, 0.8067825436592102, 0.8065528869628906, 0.8067825436592102, 0.8079307675361633, 0.8065528869628906, 0.8075480461120605, 0.8086963295936584, 0.8073949217796326, 0.8067059516906738, 0.8078542351722717, 0.8082370162010193, 0.8086197376251221, 0.8080838918685913, 0.8090790510177612, 0.8095383644104004, 0.8077777028083801, 0.8094618320465088, 0.8080838918685913], "val_loss": [0.7372447848320007, 0.6817770600318909, 0.6554645299911499, 0.6459184885025024, 0.6377394199371338, 0.6341466903686523, 0.6246553063392639, 0.6214044690132141, 0.6240335702896118, 0.6155720949172974, 0.6142140030860901, 0.611116886138916, 0.6068995594978333, 0.6063078045845032, 0.6063951253890991, 0.6019458174705505, 0.6008276343345642, 0.604053795337677, 0.6047870516777039, 0.6076080203056335, 0.6010296940803528, 0.6006954312324524, 0.6051104068756104, 0.5979641675949097, 0.600312352180481, 0.597572386264801, 0.602771520614624, 0.5994312167167664, 0.5964226126670837, 0.5979269742965698, 0.5984699726104736, 0.5980509519577026, 0.5966616868972778, 0.595312237739563, 0.5958579182624817, 0.5955650210380554, 0.5942283272743225, 0.5978066325187683, 0.597666323184967, 0.5912085175514221, 0.5928118824958801, 0.5946773886680603, 0.592444658279419, 0.5908679962158203, 0.5913551449775696, 0.5911738276481628, 0.5927623510360718, 0.5915549993515015, 0.5943142175674438, 0.5964853167533875, 0.5914697051048279, 0.5911048054695129, 0.5943663120269775, 0.592210054397583], "val_accuracy": [0.7783221006393433, 0.7850582003593445, 0.7893447875976562, 0.7887324094772339, 0.7868952751159668, 0.7844458222389221, 0.7856705188751221, 0.7890385985374451, 0.7859767079353333, 0.7884262204170227, 0.7887324094772339, 0.787201464176178, 0.7887324094772339, 0.790263295173645, 0.7878138422966003, 0.7933251857757568, 0.7914880514144897, 0.7914880514144897, 0.7924066185951233, 0.7890385985374451, 0.790263295173645, 0.7890385985374451, 0.7862828969955444, 0.7914880514144897, 0.7927128076553345, 0.7881200313568115, 0.7887324094772339, 0.7905694842338562, 0.7878138422966003, 0.7939375638961792, 0.7954684495925903, 0.7930189967155457, 0.7930189967155457, 0.7905694842338562, 0.7966932058334351, 0.7914880514144897, 0.793631374835968, 0.7911818623542786, 0.794856071472168, 0.7963870167732239, 0.7945498824119568, 0.7963870167732239, 0.793631374835968, 0.7945498824119568, 0.7963870167732239, 0.7954684495925903, 0.7933251857757568, 0.7924066185951233, 0.7939375638961792, 0.7957746386528015, 0.794856071472168, 0.7933251857757568, 0.7979179620742798, 0.7957746386528015]}